2026-03-08T18:05:33	image/jpeg	https://smilesafricacharity.com/wp-content/uploads/2026/03/Yannic_Riegger-Credit_Lara_Kinnman-4807-sw_1-1-scaled.jpg	
2026-03-08T18:04:10	image/jpeg	https://smilesafricacharity.com/wp-content/uploads/2026/03/Yannic_Riegger-Credit_Lara_Kinnman-4807-sw-scaled.jpg	
2026-03-08T12:27:05	image/png	https://smilesafricacharity.com/wp-content/uploads/2026/03/Smiles-Africa-Team-1.png	
2026-03-08T12:25:51	image/png	https://smilesafricacharity.com/wp-content/uploads/2026/03/Malte.png	
2026-03-07T16:48:29	image/png	https://smilesafricacharity.com/wp-content/uploads/2026/03/6.png	
2026-03-07T16:47:43	image/png	https://smilesafricacharity.com/wp-content/uploads/2026/03/8.png	
2026-03-07T16:46:16	image/png	https://smilesafricacharity.com/wp-content/uploads/2026/03/Smiles-Africa-Team.png	
2026-03-07T16:45:48	image/png	https://smilesafricacharity.com/wp-content/uploads/2026/03/4.png	
2026-03-07T16:45:21	image/png	https://smilesafricacharity.com/wp-content/uploads/2026/03/3.png	
2026-03-07T16:44:27	image/png	https://smilesafricacharity.com/wp-content/uploads/2026/03/7.png	
2026-03-07T16:43:59	image/png	https://smilesafricacharity.com/wp-content/uploads/2026/03/9.png	
2026-03-07T16:43:23	image/png	https://smilesafricacharity.com/wp-content/uploads/2026/03/5.png	
2026-03-07T16:37:34	image/png	https://smilesafricacharity.com/wp-content/uploads/2026/03/1.png	
2026-03-07T16:36:31	image/png	https://smilesafricacharity.com/wp-content/uploads/2026/03/10.png	
2025-10-11T17:43:04	image/jpeg	https://smilesafricacharity.com/wp-content/uploads/2025/10/WhatsApp-Image-2025-02-22-at-15.38.13.jpeg	
2025-10-11T17:32:30	image/jpeg	https://smilesafricacharity.com/wp-content/uploads/2025/10/IMG_5737.jpeg	
2025-02-22T15:13:01	image/jpeg	https://smilesafricacharity.com/wp-content/uploads/2025/02/Andi-sw-scaled.jpg	
2024-10-16T19:41:00	image/jpeg	https://smilesafricacharity.com/wp-content/uploads/2024/10/hermann-sw-scaled.jpg	
2024-10-16T19:39:29	image/jpeg	https://smilesafricacharity.com/wp-content/uploads/2024/10/christina-sw-scaled.jpg	
2024-10-16T19:38:42	image/jpeg	https://smilesafricacharity.com/wp-content/uploads/2024/10/julian-sw-scaled.jpg	
2023-11-26T16:55:18	image/jpeg	https://smilesafricacharity.com/wp-content/uploads/2023/11/Jutebeutel_smilesafrica.jpg	
2023-11-26T16:50:27	image/png	https://smilesafricacharity.com/wp-content/uploads/2023/11/Winter-Matching_betterplace_smilesafrica.png	
2023-11-26T15:47:45	image/jpeg	https://smilesafricacharity.com/wp-content/uploads/2023/11/Design-ohne-Titel-2-e1701010112714.jpg	
2023-11-18T15:50:22	image/jpeg	https://smilesafricacharity.com/wp-content/uploads/2023/11/smiles_africa_charity_university.jpg	
2022-12-02T20:21:12	application/zip	https://smilesafricacharity.com/wp-content/uploads/2022/12/fontello-58356268.zip	
2021-07-25T13:05:53	image/jpeg	https://smilesafricacharity.com/wp-content/uploads/2021/07/smilesafrica-charity-home-mobile-1030x614-1.jpg	
2021-07-25T12:57:29	video/mp4	https://smilesafricacharity.com/wp-content/uploads/2021/07/Smiles-Africa_Home_Startvideo.mp4	
2021-07-22T23:39:50	video/mp4	https://smilesafricacharity.com/wp-content/uploads/2021/07/welcome-smiles-africa-charity.mp4	
2021-04-13T18:34:07	image/jpeg	https://smilesafricacharity.com/wp-content/uploads/2021/04/Lawrence_Smiles-Africa.jpg	
2021-04-13T18:34:02	image/jpeg	https://smilesafricacharity.com/wp-content/uploads/2021/04/Iscah_Smiles-Africa.jpg	
2021-04-13T18:34:00	image/jpeg	https://smilesafricacharity.com/wp-content/uploads/2021/04/Gentrix_Smiles-Africa-1.jpg	
2021-04-13T18:33:58	image/jpeg	https://smilesafricacharity.com/wp-content/uploads/2021/04/Antonia_Smiles-Africa.jpg	
2021-04-13T18:31:34	image/jpeg	https://smilesafricacharity.com/wp-content/uploads/2021/04/Gentrix_Smiles-Africa.jpg	
2021-02-07T12:51:14	image/jpeg	https://smilesafricacharity.com/wp-content/uploads/2021/02/Jannik_Dornbusch-e1612698914641.jpg	Jannik_Dornbusch
2020-11-30T11:45:59	image/png	https://smilesafricacharity.com/wp-content/uploads/2020/11/Weihnachtsaktion_Website.png	
2020-04-11T10:58:44	image/jpeg	https://smilesafricacharity.com/wp-content/uploads/2020/04/Smiles_Africa_covid19.jpg	
2020-04-11T10:58:40	image/jpeg	https://smilesafricacharity.com/wp-content/uploads/2020/04/Smiles_Africa_covid19_down.jpg	
2020-04-10T14:37:27	image/jpeg	https://smilesafricacharity.com/wp-content/uploads/2020/04/SmilesAfrica_Waterstations_covid19-e1586524721416.jpg	
2020-04-10T14:16:50	image/jpeg	https://smilesafricacharity.com/wp-content/uploads/2020/04/smiles_africa_betterplace.jpg	
2020-04-10T13:58:47	image/jpeg	https://smilesafricacharity.com/wp-content/uploads/2020/04/Smiles_Africa_Washyourhands2.jpg	
2020-04-10T13:58:38	image/jpeg	https://smilesafricacharity.com/wp-content/uploads/2020/04/Smiles_Africa_Washyourhands.jpg	
2020-04-10T13:55:55	image/jpeg	https://smilesafricacharity.com/wp-content/uploads/2020/04/Smiles_Africa_Recycling2.jpg	
2020-04-10T13:55:04	image/jpeg	https://smilesafricacharity.com/wp-content/uploads/2020/04/Smiles_Africa_Recycling.jpg	
2020-04-10T13:51:48	image/jpeg	https://smilesafricacharity.com/wp-content/uploads/2020/04/Korogocho_Kenya_Smiles_Africa.jpg	
2020-04-10T13:44:34	image/jpeg	https://smilesafricacharity.com/wp-content/uploads/2020/04/betterplace_Smilesafrica.jpg	
2020-04-01T19:25:54	image/jpeg	https://smilesafricacharity.com/wp-content/uploads/2020/04/Mike.jpeg	
2020-04-01T19:25:33	image/jpeg	https://smilesafricacharity.com/wp-content/uploads/2020/04/Bariso.jpeg	
2020-03-29T23:46:59	image/jpeg	https://smilesafricacharity.com/wp-content/uploads/2020/03/Synclair.jpeg	
2020-03-29T23:46:53	image/jpeg	https://smilesafricacharity.com/wp-content/uploads/2020/03/Sharon.jpeg	
2020-03-29T23:46:48	image/jpeg	https://smilesafricacharity.com/wp-content/uploads/2020/03/Shanel.jpeg	
2020-03-29T23:46:42	image/jpeg	https://smilesafricacharity.com/wp-content/uploads/2020/03/Kizito.jpeg	
2020-03-29T23:46:39	image/jpeg	https://smilesafricacharity.com/wp-content/uploads/2020/03/Ken.jpeg	
2020-03-29T23:46:34	image/jpeg	https://smilesafricacharity.com/wp-content/uploads/2020/03/Iscah.jpeg	
2020-03-29T22:51:55	image/jpeg	https://smilesafricacharity.com/wp-content/uploads/2020/03/Felix.jpeg	
2020-03-28T15:47:58	image/png	https://smilesafricacharity.com/wp-content/uploads/2020/03/SA-Logo_Digital-Empowerment.png	
2020-03-28T12:37:15	application/zip	https://smilesafricacharity.com/wp-content/uploads/2020/03/Roboto.zip	
2020-03-28T12:37:13	application/zip	https://smilesafricacharity.com/wp-content/uploads/2020/03/Roboto_Condensed.zip	
2020-03-24T22:51:56	image/jpeg	https://smilesafricacharity.com/wp-content/uploads/2020/03/Smiles_Africa_Digital_Empowerment_Julian_Gruppe.jpg	
2020-03-24T22:45:02	image/jpeg	https://smilesafricacharity.com/wp-content/uploads/2020/03/Smiles_Africa_Digital_Empowerment_Mario_Julian.jpg	
2020-03-24T22:45:00	image/jpeg	https://smilesafricacharity.com/wp-content/uploads/2020/03/Smiles_Africa_Digital_Empowerment_8.jpg	
2020-03-24T22:44:57	image/jpeg	https://smilesafricacharity.com/wp-content/uploads/2020/03/Smiles_Africa_Digital_Empowerment_7.jpg	
2020-03-24T22:44:54	image/jpeg	https://smilesafricacharity.com/wp-content/uploads/2020/03/Smiles_Africa_Digital_Empowerment_6.jpg	
2020-03-24T22:44:52	image/jpeg	https://smilesafricacharity.com/wp-content/uploads/2020/03/Smiles_Africa_Digital_Empowerment_5.jpg	
2020-03-24T22:44:47	image/jpeg	https://smilesafricacharity.com/wp-content/uploads/2020/03/Smiles_Africa_Digital_Empowerment_4.jpg	
2020-03-24T22:44:45	image/jpeg	https://smilesafricacharity.com/wp-content/uploads/2020/03/Smiles_Africa_Digital_Empowerment_3.jpg	
2020-03-24T22:44:43	image/jpeg	https://smilesafricacharity.com/wp-content/uploads/2020/03/Smiles_Africa_Digital_Empowerment_2.jpg	
2020-03-24T22:44:38	image/jpeg	https://smilesafricacharity.com/wp-content/uploads/2020/03/Smiles_Africa_Digital_Empowerment_1.jpg	
2020-03-15T21:06:36	image/jpeg	https://smilesafricacharity.com/wp-content/uploads/2020/03/smilesafrica_majbi.jpg	
2020-03-15T21:06:20	image/jpeg	https://smilesafricacharity.com/wp-content/uploads/2020/03/smilesafrica_majbritt.jpg	
2020-01-13T23:07:00	image/png	https://smilesafricacharity.com/wp-content/uploads/2020/01/200109_Logo_Digital-Empowerment-1.png	
2020-01-13T23:06:50	image/png	https://smilesafricacharity.com/wp-content/uploads/2020/01/200109_Logo_Digital-Empowerment.png	
2020-01-07T22:19:30	image/jpeg	https://smilesafricacharity.com/wp-content/uploads/2020/01/Digital_Empowerment_SmilesAfrica_2.jpeg	Digital_Empowerment_SmilesAfrica_2
2020-01-06T23:51:26	application/pdf	https://smilesafricacharity.com/wp-content/uploads/2020/01/Smiles-Africa_Digital-Empowerment.pdf	
2020-01-06T23:51:21	application/pdf	https://smilesafricacharity.com/wp-content/uploads/2020/01/Smiles-Africa_Digital-Empowerment_EN.pdf	
2019-12-08T14:05:30	image/jpeg	https://smilesafricacharity.com/wp-content/uploads/2019/12/Digital_Empowerment_Smiles_Africa.jpeg	
2019-12-01T20:05:54	image/jpeg	https://smilesafricacharity.com/wp-content/uploads/2019/12/52.2.jpeg.jpg	
2019-12-01T20:02:01	image/jpeg	https://smilesafricacharity.com/wp-content/uploads/2019/12/84.6.jpeg.jpg	
2019-12-01T15:01:17	image/jpeg	https://smilesafricacharity.com/wp-content/uploads/2019/12/fill_730x380_bp1575129840_Let_Children_Play_Titelbild.jpg	
2019-07-19T09:31:23	image/png	https://smilesafricacharity.com/wp-content/uploads/2019/07/favicon-charity.png	
2018-11-23T19:04:07	image/jpeg	https://smilesafricacharity.com/wp-content/uploads/2018/11/DSC_1352_sw_mobil.jpg	The kids from our mentorship program are already learning in the container-bib.
2018-11-22T22:05:05	image/jpeg	https://smilesafricacharity.com/wp-content/uploads/2018/11/DSC_1469_sw.jpg	This is how the container looks like before our mentees arrive.
2018-11-22T22:04:54	image/jpeg	https://smilesafricacharity.com/wp-content/uploads/2018/11/DSC_1449_sw.jpg	By nature a container is not the most beatiful piece of art that is why we started painting it.
2018-11-22T22:04:42	image/jpeg	https://smilesafricacharity.com/wp-content/uploads/2018/11/DSC_1434_sw.jpg	As you can see there is still much space left for our kids to paint the container-bib.
2018-11-22T22:04:29	image/jpeg	https://smilesafricacharity.com/wp-content/uploads/2018/11/DSC_1419_sw.jpg	Around the container the kids can have fun as well.
2018-11-22T22:04:14	image/jpeg	https://smilesafricacharity.com/wp-content/uploads/2018/11/DSC_1409_sw.jpg	Of course our self-painted Smiles Africa logo cannot be missing on the container.
2018-11-22T22:04:01	image/jpeg	https://smilesafricacharity.com/wp-content/uploads/2018/11/DSC_1404_sw.jpg	Our container-bib also is a place to interact with each other.
2018-11-22T22:03:46	image/jpeg	https://smilesafricacharity.com/wp-content/uploads/2018/11/DSC_1359_sw.jpg	All the beauty of our container-bib.
2018-11-22T22:03:34	image/jpeg	https://smilesafricacharity.com/wp-content/uploads/2018/11/DSC_1356_sw.jpg	The main purpose of the container-bib is to offer a place for learning and creative freedom to the 50 children and young people of our mentorship program.
2018-11-22T22:03:20	image/jpeg	https://smilesafricacharity.com/wp-content/uploads/2018/11/DSC_1352_sw.jpg	The kids from our mentorship program are already learning in the container-bib.
2018-11-22T22:03:08	image/jpeg	https://smilesafricacharity.com/wp-content/uploads/2018/11/DSC_1347_sw.jpg	By nature a container is not the most beatiful piece of art that is why we started painting it.
2018-11-22T20:41:48	image/jpeg	https://smilesafricacharity.com/wp-content/uploads/2018/11/No2.jpg	The main purpose of the container-bib is to offer a place for learning and creative freedom to the 50 children and young people of our mentorship program.
2018-10-09T10:42:18	image/png	https://smilesafricacharity.com/wp-content/uploads/2018/10/Logo_Charity_Relaunch_Original_transparent.png	
2018-08-13T10:05:20	application/zip	https://smilesafricacharity.com/wp-content/uploads/2018/08/SmilesAfrica-e.V._Vortrag_Slum-Empowerment.zip	
2018-07-23T21:13:22	image/jpeg	https://smilesafricacharity.com/wp-content/uploads/2018/07/NEU-smilesafrica-kerstin.jpg	
2018-07-22T23:16:53	image/jpeg	https://smilesafricacharity.com/wp-content/uploads/2018/07/NEU-smilesafrica-Hermann.jpg	
2018-07-22T23:10:40	image/jpeg	https://smilesafricacharity.com/wp-content/uploads/2018/07/NEU-smilesafrica-Yannic.jpg	
2018-07-22T23:10:38	image/jpeg	https://smilesafricacharity.com/wp-content/uploads/2018/07/NEU-smilesafrica-Sara.jpg	
2018-07-22T23:10:35	image/jpeg	https://smilesafricacharity.com/wp-content/uploads/2018/07/NEU-smilesafrica-Rahel.jpg	
2018-07-22T23:10:33	image/jpeg	https://smilesafricacharity.com/wp-content/uploads/2018/07/NEU-smilesafrica-Paul.jpg	
2018-07-22T23:10:30	image/jpeg	https://smilesafricacharity.com/wp-content/uploads/2018/07/NEU-smilesafrica-Markus.jpg	
2018-07-22T23:10:28	image/jpeg	https://smilesafricacharity.com/wp-content/uploads/2018/07/NEU-smilesafrica-Mario.jpg	
2018-07-22T23:10:26	image/jpeg	https://smilesafricacharity.com/wp-content/uploads/2018/07/NEU-smilesafrica-Malte.jpg	
2018-07-22T23:10:23	image/jpeg	https://smilesafricacharity.com/wp-content/uploads/2018/07/NEU-smilesafrica-Kerstin.jpg	
2018-07-22T23:10:05	image/jpeg	https://smilesafricacharity.com/wp-content/uploads/2018/07/NEU-smilesafrica-Jannik.jpg	
2018-07-22T23:10:02	image/jpeg	https://smilesafricacharity.com/wp-content/uploads/2018/07/NEU-smilesafrica-Armin.jpg	
2018-07-22T21:38:35	image/jpeg	https://smilesafricacharity.com/wp-content/uploads/2018/07/smilesafrica-charity-volunteer-header-2-mobil.jpg	
2018-07-22T21:32:39	image/jpeg	https://smilesafricacharity.com/wp-content/uploads/2018/07/smilesafrica-charity-volunteer-header-mobil.jpg	
2018-07-22T21:16:40	image/jpeg	https://smilesafricacharity.com/wp-content/uploads/2018/07/smilesafrica-charity-mentorship-header-2-mobil.jpg	
2018-07-22T21:13:58	image/jpeg	https://smilesafricacharity.com/wp-content/uploads/2018/07/smilesafrica-charity-mentorship-header-mobil.jpg	
2018-07-22T20:58:41	image/jpeg	https://smilesafricacharity.com/wp-content/uploads/2018/07/smilesafrica-charity-scholarship-header-mobil.jpg	
2018-07-22T20:40:50	image/jpeg	https://smilesafricacharity.com/wp-content/uploads/2018/07/smilesafrica-chartiy-title-mobil.jpg	
2018-06-28T16:19:19	text/plain	https://smilesafricacharity.com/wp-content/uploads/2018/06/EnfoldChild-theme-settings-2018-6-28-2.txt	
2018-06-06T18:27:32	image/jpeg	https://smilesafricacharity.com/wp-content/uploads/2018/06/smilesafrica-charity-home-mobile-small.jpg	
2018-06-06T17:32:05	image/jpeg	https://smilesafricacharity.com/wp-content/uploads/2018/06/smilesafrica-charity-home-mobile.jpg	
2018-05-24T23:59:56	image/jpeg	https://smilesafricacharity.com/wp-content/uploads/2018/05/mt-sample-background.jpg	
2018-03-11T12:29:07	image/jpeg	https://smilesafricacharity.com/wp-content/uploads/2018/03/Folie1.jpeg	
2018-02-28T18:00:54	image/png	https://smilesafricacharity.com/wp-content/uploads/2018/02/Karte_Afrika.png	
2018-02-28T17:52:42	image/png	https://smilesafricacharity.com/wp-content/uploads/2018/02/Karte_Kenya.png	
2018-02-28T00:22:38	application/zip	https://smilesafricacharity.com/wp-content/uploads/2018/02/SmilesAfrica-e.V._Vortrag_Slum-Empowerment.zip	
2018-02-28T00:12:56	application/pdf	https://smilesafricacharity.com/wp-content/uploads/2018/02/SmilesAfrica-e.V._Newsletter_N02_DE.pdf	
2018-02-28T00:12:44	application/pdf	https://smilesafricacharity.com/wp-content/uploads/2018/02/SmilesAfrica-e.V._Newsletter_N01_ENG.pdf	
2018-02-28T00:12:30	application/pdf	https://smilesafricacharity.com/wp-content/uploads/2018/02/SmilesAfrica-e.V._Newsletter_N01_DE.pdf	
2018-02-27T00:31:28	image/jpeg	https://smilesafricacharity.com/wp-content/uploads/2018/02/smilesafrica-charity-volunteer-header-2-1.jpg	
2018-02-26T23:56:29	image/jpeg	https://smilesafricacharity.com/wp-content/uploads/2018/02/smilesafrica-charity-volunteer-header.jpg	
2018-02-26T23:03:15	image/jpeg	https://smilesafricacharity.com/wp-content/uploads/2018/02/smilesafrica-charity-mentorship-header-2-1.jpg	
2018-02-26T22:42:34	image/jpeg	https://smilesafricacharity.com/wp-content/uploads/2018/02/smilesafrica-charity-scholarship-header.jpg	
2018-02-26T21:35:55	image/jpeg	https://smilesafricacharity.com/wp-content/uploads/2018/02/smilesafrica-charity-mentorship-header-1.jpg	
2018-02-26T16:26:37	image/jpeg	https://smilesafricacharity.com/wp-content/uploads/2017/10/smilesafrica-blog04-daten.jpg	
2018-02-26T16:15:01	image/jpeg	https://smilesafricacharity.com/wp-content/uploads/2017/10/smilesafrica-blog04.jpg	
2018-02-26T16:09:07	image/jpeg	https://smilesafricacharity.com/wp-content/uploads/2017/08/smilesafrica-blog03.jpg	
2018-02-26T12:52:10	image/jpeg	https://smilesafricacharity.com/wp-content/uploads/2018/02/smilesafrica-sara.jpg	
2018-02-26T12:51:57	image/jpeg	https://smilesafricacharity.com/wp-content/uploads/2018/02/smilesafrica-rita.jpg	
2018-02-26T12:51:41	image/jpeg	https://smilesafricacharity.com/wp-content/uploads/2018/02/smilesafrica-paul.jpg	
2018-02-26T12:51:34	image/jpeg	https://smilesafricacharity.com/wp-content/uploads/2018/02/smilesafrica-monica.jpg	
2018-02-26T12:49:44	image/jpeg	https://smilesafricacharity.com/wp-content/uploads/2018/02/smilesafrica-markus.jpg	
2018-02-26T12:49:41	image/jpeg	https://smilesafricacharity.com/wp-content/uploads/2018/02/smilesafrica-malte.jpg	
2018-02-26T12:49:38	image/jpeg	https://smilesafricacharity.com/wp-content/uploads/2018/02/smilesafrica-kizito.jpg	
2018-02-26T12:49:29	image/jpeg	https://smilesafricacharity.com/wp-content/uploads/2018/02/smilesafrica-julian.jpg	
2018-02-26T12:49:26	image/jpeg	https://smilesafricacharity.com/wp-content/uploads/2018/02/smilesafrica-armin.jpg	
2018-02-22T16:40:03	image/jpeg	https://smilesafricacharity.com/wp-content/uploads/2018/02/smilesafrica-kerstin.jpg	
2018-02-22T16:39:14	image/jpeg	https://smilesafricacharity.com/wp-content/uploads/2018/02/smilesafrica-rahel.jpg	
2018-02-22T16:31:53	image/jpeg	https://smilesafricacharity.com/wp-content/uploads/2018/02/smilesafrica-peter.jpg	
2018-02-20T12:07:39	image/png	https://smilesafricacharity.com/wp-content/uploads/2018/02/160218_Logo_vectorisiert_Original.png	
2018-02-20T11:47:54	image/jpeg	https://smilesafricacharity.com/wp-content/uploads/2018/02/smiles-africa-chartiy-title.jpg	
